{"cameraMode":{"drawMode":0,"name":"Shaded","section":"Shading Mode"},"sceneLighting":false,"audioPlay":false,"sceneViewState":{"m_AlwaysRefresh":false,"showFog":true,"showSkybox":false,"showFlares":true,"showImageEffects":true,"showParticleSystems":true,"showVisualEffectGraphs":true,"m_FxEnabled":true},"in2DMode":false,"pivot":{"x":0.44562673568725588,"y":1.6702080965042115,"z":9.791890144348145},"rotation":{"x":0.0021903496235609056,"y":-0.00540114426985383,"z":0.0000018178762957177242,"w":-0.9999387264251709},"size":7.597270965576172,"orthographic":false}