{"cameraMode":{"drawMode":0,"name":"Shaded","section":"Shading Mode"},"sceneLighting":false,"audioPlay":false,"sceneViewState":{"m_AlwaysRefresh":false,"showFog":true,"showSkybox":false,"showFlares":true,"showImageEffects":true,"showParticleSystems":true,"showVisualEffectGraphs":true,"m_FxEnabled":true},"in2DMode":false,"pivot":{"x":-0.3037487268447876,"y":0.9824767112731934,"z":-0.037520647048950198},"rotation":{"x":-0.06923422962427139,"y":-0.024841144680976869,"z":0.0017246378120034934,"w":-0.9973062872886658},"size":1.2138946056365967,"orthographic":false}