{"cameraMode":{"drawMode":0,"name":"Shaded","section":"Shading Mode"},"sceneLighting":true,"audioPlay":false,"sceneViewState":{"m_AlwaysRefresh":false,"showFog":true,"showSkybox":true,"showFlares":true,"showImageEffects":true,"showParticleSystems":true,"showVisualEffectGraphs":true,"m_FxEnabled":true},"in2DMode":false,"pivot":{"x":-0.5365004539489746,"y":0.5000001192092896,"z":0.6826162338256836},"rotation":{"x":-0.006057471968233585,"y":0.9939231276512146,"z":-0.08099459856748581,"w":-0.07438379526138306},"size":3.0745768547058107,"orthographic":false}