{"cameraMode":{"drawMode":0,"name":"Shaded","section":"Shading Mode"},"sceneLighting":false,"audioPlay":false,"sceneViewState":{"m_AlwaysRefresh":false,"showFog":true,"showSkybox":false,"showFlares":true,"showImageEffects":true,"showParticleSystems":true,"showVisualEffectGraphs":true,"m_FxEnabled":true},"in2DMode":false,"pivot":{"x":5.700951099395752,"y":0.5748095512390137,"z":12.138995170593262},"rotation":{"x":-0.03929804265499115,"y":-0.011394185945391655,"z":0.0004489096172619611,"w":-0.9991812109947205},"size":71.4887466430664,"orthographic":false}